,Bloomberg Ticker,Ticker
0,A UN Equity,A
1,AA UN Equity,AA
2,AAL UW Equity,AAL
3,AAON UW Equity,AAON
4,AAPL UW Equity,AAPL
5,ABBV UN Equity,ABBV
6,ABNB UW Equity,ABNB
7,ABT UN Equity,ABT
8,ACGL UW Equity,ACGL
9,ACHC UW Equity,ACHC
10,ACI UN Equity,ACI
11,ACM UN Equity,ACM
12,ACN UN Equity,ACN
13,ADBE UW Equity,ADBE
14,ADC UN Equity,ADC
15,ADI UW Equity,ADI
16,ADM UN Equity,ADM
17,ADP UW Equity,ADP
18,ADSK UW Equity,ADSK
19,ADT UN Equity,ADT
20,AEE UN Equity,AEE
21,AEP UW Equity,AEP
22,AES UN Equity,AES
23,AFG UN Equity,AFG
24,AFL UN Equity,AFL
25,AFRM UW Equity,AFRM
26,AGCO UN Equity,AGCO
27,AGNC UW Equity,AGNC
28,AGO UN Equity,AGO
29,AIG UN Equity,AIG
30,AIT UN Equity,AIT
31,AIZ UN Equity,AIZ
32,AJG UN Equity,AJG
33,AKAM UW Equity,AKAM
34,AL UN Equity,AL
35,ALAB UW Equity,ALAB
36,ALB UN Equity,ALB
37,ALGM UW Equity,ALGM
38,ALGN UW Equity,ALGN
39,ALK UN Equity,ALK
40,ALL UN Equity,ALL
41,ALLE UN Equity,ALLE
42,ALLY UN Equity,ALLY
43,ALNY UW Equity,ALNY
44,ALSN UN Equity,ALSN
45,AM UN Equity,AM
46,AMAT UW Equity,AMAT
47,AMCR UN Equity,AMCR
48,AMD UW Equity,AMD
49,AME UN Equity,AME
50,AMG UN Equity,AMG
51,AMGN UW Equity,AMGN
52,AMH UN Equity,AMH
53,AMKR UW Equity,AMKR
54,AMP UN Equity,AMP
55,AMT UN Equity,AMT
56,AMTM UN Equity,AMTM
57,AMZN UW Equity,AMZN
58,AN UN Equity,AN
59,ANET UN Equity,ANET
60,AON UN Equity,AON
61,AOS UN Equity,AOS
62,APA UW Equity,APA
63,APD UN Equity,APD
64,APG UN Equity,APG
65,APH UN Equity,APH
66,APLS UW Equity,APLS
67,APO UN Equity,APO
68,APP UW Equity,APP
69,APPF UQ Equity,APPF
70,APTV UN Equity,APTV
71,AR UN Equity,AR
72,ARE UN Equity,ARE
73,ARES UN Equity,ARES
74,ARMK UN Equity,ARMK
75,ARW UN Equity,ARW
76,AS UN Equity,AS
77,ASH UN Equity,ASH
78,ASTS UW Equity,ASTS
79,ATI UN Equity,ATI
80,ATO UN Equity,ATO
81,ATR UN Equity,ATR
82,AU UN Equity,AU
83,AUR UW Equity,AUR
84,AVB UN Equity,AVB
85,AVGO UW Equity,AVGO
86,AVT UW Equity,AVT
87,AVTR UN Equity,AVTR
88,AVY UN Equity,AVY
89,AWI UN Equity,AWI
90,AWK UN Equity,AWK
91,AXON UW Equity,AXON
92,AXP UN Equity,AXP
93,AXS UN Equity,AXS
94,AXTA UN Equity,AXTA
95,AYI UN Equity,AYI
96,AZO UN Equity,AZO
97,BA UN Equity,BA
98,BAC UN Equity,BAC
99,BAH UN Equity,BAH
100,BALL UN Equity,BALL
101,BAM UN Equity,BAM
102,BAX UN Equity,BAX
103,BBWI UN Equity,BBWI
104,BBY UN Equity,BBY
105,BC UN Equity,BC
106,BDX UN Equity,BDX
107,BEN UN Equity,BEN
108,BEPC UN Equity,BEPC
109,BF/A UN Equity,BF/A
110,BF/B UN Equity,BF/B
111,BFAM UN Equity,BFAM
112,BG UN Equity,BG
113,BHF UW Equity,BHF
114,BIIB UW Equity,BIIB
115,BILL UN Equity,BILL
116,BIO UN Equity,BIO
117,BIRK UN Equity,BIRK
118,BJ UN Equity,BJ
119,BK UN Equity,BK
120,BKNG UW Equity,BKNG
121,BKR UW Equity,BKR
122,BLD UN Equity,BLD
123,BLDR UN Equity,BLDR
124,BLK UN Equity,BLK
125,BLSH UN Equity,BLSH
126,BMRN UW Equity,BMRN
127,BMY UN Equity,BMY
128,BOKF UW Equity,BOKF
129,BPOP UW Equity,BPOP
130,BR UN Equity,BR
131,BRBR UN Equity,BRBR
132,BRK/B UN Equity,BRK/B
133,BRKR UW Equity,BRKR
134,BRO UN Equity,BRO
135,BROS UN Equity,BROS
136,BRX UN Equity,BRX
137,BSX UN Equity,BSX
138,BSY UW Equity,BSY
139,BURL UN Equity,BURL
140,BWA UN Equity,BWA
141,BWXT UN Equity,BWXT
142,BX UN Equity,BX
143,BXP UN Equity,BXP
144,BYD UN Equity,BYD
145,C UN Equity,C
146,CACC UW Equity,CACC
147,CACI UN Equity,CACI
148,CAG UN Equity,CAG
149,CAH UN Equity,CAH
150,CAI UW Equity,CAI
151,CAR UW Equity,CAR
152,CARR UN Equity,CARR
153,CART UW Equity,CART
154,CASY UW Equity,CASY
155,CAT UN Equity,CAT
156,CAVA UN Equity,CAVA
157,CB UN Equity,CB
158,CBOE UF Equity,CBOE
159,CBRE UN Equity,CBRE
160,CBSH UW Equity,CBSH
161,CCC UW Equity,CCC
162,CCI UN Equity,CCI
163,CCK UN Equity,CCK
164,CCL UN Equity,CCL
165,CDNS UW Equity,CDNS
166,CDW UW Equity,CDW
167,CE UN Equity,CE
168,CEG UW Equity,CEG
169,CELH UR Equity,CELH
170,CERT UW Equity,CERT
171,CF UN Equity,CF
172,CFG UN Equity,CFG
173,CFLT UW Equity,CFLT
174,CFR UN Equity,CFR
175,CG UW Equity,CG
176,CGNX UW Equity,CGNX
177,CHD UN Equity,CHD
178,CHDN UW Equity,CHDN
179,CHE UN Equity,CHE
180,CHH UN Equity,CHH
181,CHRD UW Equity,CHRD
182,CHRW UW Equity,CHRW
183,CHTR UW Equity,CHTR
184,CHWY UN Equity,CHWY
185,CI UN Equity,CI
186,CIEN UN Equity,CIEN
187,CINF UW Equity,CINF
188,CIVI UN Equity,CIVI
189,CL UN Equity,CL
190,CLF UN Equity,CLF
191,CLH UN Equity,CLH
192,CLVT UN Equity,CLVT
193,CLX UN Equity,CLX
194,CMA UN Equity,CMA
195,CMCSA UW Equity,CMCSA
196,CME UW Equity,CME
197,CMG UN Equity,CMG
198,CMI UN Equity,CMI
199,CMS UN Equity,CMS
200,CNA UN Equity,CNA
201,CNC UN Equity,CNC
202,CNH UN Equity,CNH
203,CNM UN Equity,CNM
204,CNP UN Equity,CNP
205,CNXC UW Equity,CNXC
206,COF UN Equity,COF
207,COHR UN Equity,COHR
208,COIN UW Equity,COIN
209,COKE UW Equity,COKE
210,COLB UW Equity,COLB
211,COLD UN Equity,COLD
212,COLM UW Equity,COLM
213,COO UW Equity,COO
214,COP UN Equity,COP
215,COR UN Equity,COR
216,CORT UR Equity,CORT
217,COST UW Equity,COST
218,COTY UN Equity,COTY
219,CPAY UN Equity,CPAY
220,CPB UW Equity,CPB
221,CPNG UN Equity,CPNG
222,CPRT UW Equity,CPRT
223,CPT UN Equity,CPT
224,CR UN Equity,CR
225,CRBG UN Equity,CRBG
226,CRCL UN Equity,CRCL
227,CRH UN Equity,CRH
228,CRL UN Equity,CRL
229,CRM UN Equity,CRM
230,CROX UW Equity,CROX
231,CRS UN Equity,CRS
232,CRUS UW Equity,CRUS
233,CRWD UW Equity,CRWD
234,CSCO UW Equity,CSCO
235,CSGP UW Equity,CSGP
236,CSL UN Equity,CSL
237,CSX UW Equity,CSX
238,CTAS UW Equity,CTAS
239,CTRA UN Equity,CTRA
240,CTSH UW Equity,CTSH
241,CTVA UN Equity,CTVA
242,CUBE UN Equity,CUBE
243,CUZ UN Equity,CUZ
244,CVNA UN Equity,CVNA
245,CVS UN Equity,CVS
246,CVX UN Equity,CVX
247,CW UN Equity,CW
248,CWEN UN Equity,CWEN
249,CWEN/A UN Equity,CWEN/A
250,CXT UN Equity,CXT
251,CZR UW Equity,CZR
252,D UN Equity,D
253,DAL UN Equity,DAL
254,DAR UN Equity,DAR
255,DASH UW Equity,DASH
256,DAY UN Equity,DAY
257,DBX UW Equity,DBX
258,DCI UN Equity,DCI
259,DD UN Equity,DD
260,DDOG UW Equity,DDOG
261,DDS UN Equity,DDS
262,DE UN Equity,DE
263,DECK UN Equity,DECK
264,DELL UN Equity,DELL
265,DG UN Equity,DG
266,DGX UN Equity,DGX
267,DHI UN Equity,DHI
268,DHR UN Equity,DHR
269,DINO UN Equity,DINO
270,DIS UN Equity,DIS
271,DJT UQ Equity,DJT
272,DKNG UW Equity,DKNG
273,DKS UN Equity,DKS
274,DLB UN Equity,DLB
275,DLR UN Equity,DLR
276,DLTR UW Equity,DLTR
277,DOC UN Equity,DOC
278,DOCS UN Equity,DOCS
279,DOCU UW Equity,DOCU
280,DOV UN Equity,DOV
281,DOW UN Equity,DOW
282,DOX UW Equity,DOX
283,DPZ UW Equity,DPZ
284,DRI UN Equity,DRI
285,DRS UW Equity,DRS
286,DT UN Equity,DT
287,DTE UN Equity,DTE
288,DTM UN Equity,DTM
289,DUK UN Equity,DUK
290,DUOL UW Equity,DUOL
291,DV UN Equity,DV
292,DVA UN Equity,DVA
293,DVN UN Equity,DVN
294,DXC UN Equity,DXC
295,DXCM UW Equity,DXCM
296,EA UW Equity,EA
297,EBAY UW Equity,EBAY
298,ECG UN Equity,ECG
299,ECL UN Equity,ECL
300,ED UN Equity,ED
301,EEFT UW Equity,EEFT
302,EFX UN Equity,EFX
303,EG UN Equity,EG
304,EGP UN Equity,EGP
305,EHC UN Equity,EHC
306,EIX UN Equity,EIX
307,EL UN Equity,EL
308,ELAN UN Equity,ELAN
309,ELF UN Equity,ELF
310,ELS UN Equity,ELS
311,ELV UN Equity,ELV
312,EME UN Equity,EME
313,EMN UN Equity,EMN
314,EMR UN Equity,EMR
315,ENPH UQ Equity,ENPH
316,ENTG UW Equity,ENTG
317,EOG UN Equity,EOG
318,EPAM UN Equity,EPAM
319,EPR UN Equity,EPR
320,EQH UN Equity,EQH
321,EQIX UW Equity,EQIX
322,EQR UN Equity,EQR
323,EQT UN Equity,EQT
324,ES UN Equity,ES
325,ESAB UN Equity,ESAB
326,ESI UN Equity,ESI
327,ESS UN Equity,ESS
328,ESTC UN Equity,ESTC
329,ETN UN Equity,ETN
330,ETR UN Equity,ETR
331,ETSY UN Equity,ETSY
332,EVR UN Equity,EVR
333,EVRG UW Equity,EVRG
334,EW UN Equity,EW
335,EWBC UW Equity,EWBC
336,EXAS UR Equity,EXAS
337,EXC UW Equity,EXC
338,EXE UW Equity,EXE
339,EXEL UW Equity,EXEL
340,EXLS UW Equity,EXLS
341,EXP UN Equity,EXP
342,EXPD UN Equity,EXPD
343,EXPE UW Equity,EXPE
344,EXR UN Equity,EXR
345,F UN Equity,F
346,FAF UN Equity,FAF
347,FANG UW Equity,FANG
348,FAST UW Equity,FAST
349,FBIN UN Equity,FBIN
350,FCN UN Equity,FCN
351,FCNCA UW Equity,FCNCA
352,FCX UN Equity,FCX
353,FDS UN Equity,FDS
354,FDX UN Equity,FDX
355,FE UN Equity,FE
356,FERG UN Equity,FERG
357,FFIV UW Equity,FFIV
358,FHB UW Equity,FHB
359,FHN UN Equity,FHN
360,FICO UN Equity,FICO
361,FIGR UW Equity,FIGR
362,FIS UN Equity,FIS
363,FISV UW Equity,FISV
364,FITB UW Equity,FITB
365,FIVE UW Equity,FIVE
366,FIX UN Equity,FIX
367,FLEX UW Equity,FLEX
368,FLO UN Equity,FLO
369,FLS UN Equity,FLS
370,FLUT UN Equity,FLUT
371,FMC UN Equity,FMC
372,FNB UN Equity,FNB
373,FND UN Equity,FND
374,FNF UN Equity,FNF
375,FOUR UN Equity,FOUR
376,FOX UW Equity,FOX
377,FOXA UW Equity,FOXA
378,FR UN Equity,FR
379,FRHC UR Equity,FRHC
380,FRMI UW Equity,FRMI
381,FRPT UQ Equity,FRPT
382,FRT UN Equity,FRT
383,FSLR UW Equity,FSLR
384,FTAI UW Equity,FTAI
385,FTI UN Equity,FTI
386,FTNT UW Equity,FTNT
387,FTV UN Equity,FTV
388,FWONA UW Equity,FWONA
389,FWONK UW Equity,FWONK
390,FYBR UW Equity,FYBR
391,G UN Equity,G
392,GAP UN Equity,GAP
393,GD UN Equity,GD
394,GDDY UN Equity,GDDY
395,GE UN Equity,GE
396,GEHC UW Equity,GEHC
397,GEN UW Equity,GEN
398,GEV UN Equity,GEV
399,GFS UW Equity,GFS
400,GGG UN Equity,GGG
401,GILD UW Equity,GILD
402,GIS UN Equity,GIS
403,GL UN Equity,GL
404,GLIBA UW Equity,GLIBA
405,GLIBK UW Equity,GLIBK
406,GLOB UN Equity,GLOB
407,GLPI UW Equity,GLPI
408,GLW UN Equity,GLW
409,GM UN Equity,GM
410,GME UN Equity,GME
411,GMED UN Equity,GMED
412,GNRC UN Equity,GNRC
413,GNTX UW Equity,GNTX
414,GOOG UW Equity,GOOG
415,GOOGL UW Equity,GOOGL
416,GPC UN Equity,GPC
417,GPK UN Equity,GPK
418,GPN UN Equity,GPN
419,GRMN UN Equity,GRMN
420,GS UN Equity,GS
421,GTES UN Equity,GTES
422,GTLB UW Equity,GTLB
423,GTM UW Equity,GTM
424,GWRE UN Equity,GWRE
425,GWW UN Equity,GWW
426,GXO UN Equity,GXO
427,H UN Equity,H
428,HAL UN Equity,HAL
429,HALO UW Equity,HALO
430,HAS UW Equity,HAS
431,HAYW UN Equity,HAYW
432,HBAN UW Equity,HBAN
433,HCA UN Equity,HCA
434,HD UN Equity,HD
435,HEI UN Equity,HEI
436,HEI/A UN Equity,HEI/A
437,HHH UN Equity,HHH
438,HIG UN Equity,HIG
439,HII UN Equity,HII
440,HIW UN Equity,HIW
441,HLI UN Equity,HLI
442,HLNE UW Equity,HLNE
443,HLT UN Equity,HLT
444,HOG UN Equity,HOG
445,HOLX UW Equity,HOLX
446,HON UW Equity,HON
447,HOOD UW Equity,HOOD
448,HPE UN Equity,HPE
449,HPQ UN Equity,HPQ
450,HR UN Equity,HR
451,HRB UN Equity,HRB
452,HRL UN Equity,HRL
453,HSIC UW Equity,HSIC
454,HST UW Equity,HST
455,HSY UN Equity,HSY
456,HUBB UN Equity,HUBB
457,HUBS UN Equity,HUBS
458,HUM UN Equity,HUM
459,HUN UN Equity,HUN
460,HWM UN Equity,HWM
461,HXL UN Equity,HXL
462,IAC UW Equity,IAC
463,IBKR UW Equity,IBKR
464,IBM UN Equity,IBM
465,ICE UN Equity,ICE
466,IDA UN Equity,IDA
467,IDXX UW Equity,IDXX
468,IEX UN Equity,IEX
469,IFF UN Equity,IFF
470,ILMN UW Equity,ILMN
471,INCY UW Equity,INCY
472,INGM UN Equity,INGM
473,INGR UN Equity,INGR
474,INSM UW Equity,INSM
475,INSP UN Equity,INSP
476,INTC UW Equity,INTC
477,INTU UW Equity,INTU
478,INVH UN Equity,INVH
479,IONS UW Equity,IONS
480,IOT UN Equity,IOT
481,IP UN Equity,IP
482,IPGP UW Equity,IPGP
483,IQV UN Equity,IQV
484,IR UN Equity,IR
485,IRDM UW Equity,IRDM
486,IRM UN Equity,IRM
487,ISRG UW Equity,ISRG
488,IT UN Equity,IT
489,ITT UN Equity,ITT
490,ITW UN Equity,ITW
491,IVZ UN Equity,IVZ
492,J UN Equity,J
493,JAZZ UW Equity,JAZZ
494,JBHT UW Equity,JBHT
495,JBL UN Equity,JBL
496,JCI UN Equity,JCI
497,JEF UN Equity,JEF
498,JHG UN Equity,JHG
499,JHX UN Equity,JHX
500,JKHY UW Equity,JKHY
501,JLL UN Equity,JLL
502,JNJ UN Equity,JNJ
503,JPM UN Equity,JPM
504,KBR UN Equity,KBR
505,KD UN Equity,KD
506,KDP UW Equity,KDP
507,KEX UN Equity,KEX
508,KEY UN Equity,KEY
509,KEYS UN Equity,KEYS
510,KHC UW Equity,KHC
511,KIM UN Equity,KIM
512,KKR UN Equity,KKR
513,KLAC UW Equity,KLAC
514,KMB UW Equity,KMB
515,KMI UN Equity,KMI
516,KMPR UN Equity,KMPR
517,KMX UN Equity,KMX
518,KNSL UN Equity,KNSL
519,KNX UN Equity,KNX
520,KO UN Equity,KO
521,KR UN Equity,KR
522,KRC UN Equity,KRC
523,KRMN UN Equity,KRMN
524,KVUE UN Equity,KVUE
525,L UN Equity,L
526,LAD UN Equity,LAD
527,LAMR UW Equity,LAMR
528,LAZ UN Equity,LAZ
529,LBRDA UW Equity,LBRDA
530,LBRDK UW Equity,LBRDK
531,LBTYA UW Equity,LBTYA
532,LBTYK UW Equity,LBTYK
533,LCID UW Equity,LCID
534,LDOS UN Equity,LDOS
535,LEA UN Equity,LEA
536,LECO UW Equity,LECO
537,LEN UN Equity,LEN
538,LEN/B UN Equity,LEN/B
539,LFUS UW Equity,LFUS
540,LH UN Equity,LH
541,LHX UN Equity,LHX
542,LII UN Equity,LII
543,LIN UW Equity,LIN
544,LINE UW Equity,LINE
545,LITE UW Equity,LITE
546,LKQ UW Equity,LKQ
547,LLY UN Equity,LLY
548,LLYVA UW Equity,LLYVA
549,LLYVK UW Equity,LLYVK
550,LMT UN Equity,LMT
551,LNC UN Equity,LNC
552,LNG UN Equity,LNG
553,LNT UW Equity,LNT
554,LOAR UN Equity,LOAR
555,LOPE UW Equity,LOPE
556,LOW UN Equity,LOW
557,LPLA UW Equity,LPLA
558,LPX UN Equity,LPX
559,LRCX UW Equity,LRCX
560,LSCC UW Equity,LSCC
561,LSTR UW Equity,LSTR
562,LULU UW Equity,LULU
563,LUV UN Equity,LUV
564,LVS UN Equity,LVS
565,LW UN Equity,LW
566,LYB UN Equity,LYB
567,LYFT UW Equity,LYFT
568,LYV UN Equity,LYV
569,M UN Equity,M
570,MA UN Equity,MA
571,MAA UN Equity,MAA
572,MAN UN Equity,MAN
573,MANH UW Equity,MANH
574,MAR UW Equity,MAR
575,MAS UN Equity,MAS
576,MASI UW Equity,MASI
577,MAT UW Equity,MAT
578,MCD UN Equity,MCD
579,MCHP UW Equity,MCHP
580,MCK UN Equity,MCK
581,MCO UN Equity,MCO
582,MDB UQ Equity,MDB
583,MDLZ UW Equity,MDLZ
584,MDT UN Equity,MDT
585,MDU UN Equity,MDU
586,MEDP UW Equity,MEDP
587,MET UN Equity,MET
588,META UW Equity,META
589,MGM UN Equity,MGM
590,MHK UN Equity,MHK
591,MIDD UW Equity,MIDD
592,MKC UN Equity,MKC
593,MKL UN Equity,MKL
594,MKSI UW Equity,MKSI
595,MKTX UW Equity,MKTX
596,MLI UN Equity,MLI
597,MLM UN Equity,MLM
598,MMC UN Equity,MMC
599,MMM UN Equity,MMM
600,MNST UW Equity,MNST
601,MO UN Equity,MO
602,MOH UN Equity,MOH
603,MORN UW Equity,MORN
604,MOS UN Equity,MOS
605,MP UN Equity,MP
606,MPC UN Equity,MPC
607,MPW UN Equity,MPW
608,MPWR UW Equity,MPWR
609,MRK UN Equity,MRK
610,MRNA UW Equity,MRNA
611,MRP UN Equity,MRP
612,MRVL UW Equity,MRVL
613,MS UN Equity,MS
614,MSA UN Equity,MSA
615,MSCI UN Equity,MSCI
616,MSFT UW Equity,MSFT
617,MSGS UN Equity,MSGS
618,MSI UN Equity,MSI
619,MSM UN Equity,MSM
620,MSTR UW Equity,MSTR
621,MTB UN Equity,MTB
622,MTCH UW Equity,MTCH
623,MTD UN Equity,MTD
624,MTDR UN Equity,MTDR
625,MTG UN Equity,MTG
626,MTN UN Equity,MTN
627,MTSI UW Equity,MTSI
628,MTZ UN Equity,MTZ
629,MU UW Equity,MU
630,MUSA UN Equity,MUSA
631,NBIX UW Equity,NBIX
632,NCLH UN Equity,NCLH
633,NCNO UW Equity,NCNO
634,NDAQ UW Equity,NDAQ
635,NDSN UW Equity,NDSN
636,NEE UN Equity,NEE
637,NEM UN Equity,NEM
638,NET UN Equity,NET
639,NEU UN Equity,NEU
640,NFG UN Equity,NFG
641,NFLX UW Equity,NFLX
642,NI UN Equity,NI
643,NIQ UN Equity,NIQ
644,NKE UN Equity,NKE
645,NLY UN Equity,NLY
646,NNN UN Equity,NNN
647,NOC UN Equity,NOC
648,NOV UN Equity,NOV
649,NOW UN Equity,NOW
650,NRG UN Equity,NRG
651,NSA UN Equity,NSA
652,NSC UN Equity,NSC
653,NTAP UW Equity,NTAP
654,NTNX UW Equity,NTNX
655,NTRA UW Equity,NTRA
656,NTRS UW Equity,NTRS
657,NU UN Equity,NU
658,NUE UN Equity,NUE
659,NVDA UW Equity,NVDA
660,NVR UN Equity,NVR
661,NVST UN Equity,NVST
662,NVT UN Equity,NVT
663,NWL UW Equity,NWL
664,NWS UW Equity,NWS
665,NWSA UW Equity,NWSA
666,NXST UW Equity,NXST
667,NYT UN Equity,NYT
668,O UN Equity,O
669,OC UN Equity,OC
670,ODFL UW Equity,ODFL
671,OGE UN Equity,OGE
672,OGN UN Equity,OGN
673,OHI UN Equity,OHI
674,OKE UN Equity,OKE
675,OKTA UW Equity,OKTA
676,OLED UW Equity,OLED
677,OLLI UQ Equity,OLLI
678,OLN UN Equity,OLN
679,OMC UN Equity,OMC
680,OMF UN Equity,OMF
681,ON UW Equity,ON
682,ONON UN Equity,ONON
683,ONTO UN Equity,ONTO
684,ORCL UN Equity,ORCL
685,ORI UN Equity,ORI
686,ORLY UW Equity,ORLY
687,OSK UN Equity,OSK
688,OTIS UN Equity,OTIS
689,OVV UN Equity,OVV
690,OWL UN Equity,OWL
691,OXY UN Equity,OXY
692,OZK UW Equity,OZK
693,PAG UN Equity,PAG
694,PANW UW Equity,PANW
695,PATH UN Equity,PATH
696,PAYC UN Equity,PAYC
697,PAYX UW Equity,PAYX
698,PB UN Equity,PB
699,PCAR UW Equity,PCAR
700,PCG UN Equity,PCG
701,PCOR UN Equity,PCOR
702,PCTY UW Equity,PCTY
703,PEG UN Equity,PEG
704,PEGA UW Equity,PEGA
705,PEN UN Equity,PEN
706,PENN UW Equity,PENN
707,PEP UW Equity,PEP
708,PFE UN Equity,PFE
709,PFG UW Equity,PFG
710,PFGC UN Equity,PFGC
711,PG UN Equity,PG
712,PGR UN Equity,PGR
713,PH UN Equity,PH
714,PHM UN Equity,PHM
715,PINS UN Equity,PINS
716,PK UN Equity,PK
717,PKG UN Equity,PKG
718,PLD UN Equity,PLD
719,PLNT UN Equity,PLNT
720,PLTR UW Equity,PLTR
721,PM UN Equity,PM
722,PNC UN Equity,PNC
723,PNFP UN Equity,PNFP
724,PNR UN Equity,PNR
725,PNW UN Equity,PNW
726,PODD UW Equity,PODD
727,POOL UW Equity,POOL
728,POST UN Equity,POST
729,PPC UW Equity,PPC
730,PPG UN Equity,PPG
731,PPL UN Equity,PPL
732,PR UN Equity,PR
733,PRGO UN Equity,PRGO
734,PRI UN Equity,PRI
735,PRMB UN Equity,PRMB
736,PRU UN Equity,PRU
737,PSA UN Equity,PSA
738,PSN UN Equity,PSN
739,PSTG UN Equity,PSTG
740,PSX UN Equity,PSX
741,PTC UW Equity,PTC
742,PVH UN Equity,PVH
743,PWR UN Equity,PWR
744,PYPL UW Equity,PYPL
745,Q UN Equity,Q
746,QCOM UW Equity,QCOM
747,QGEN UN Equity,QGEN
748,QRVO UW Equity,QRVO
749,QS UW Equity,QS
750,QSR UN Equity,QSR
751,QXO UN Equity,QXO
752,R UN Equity,R
753,RAL UN Equity,RAL
754,RARE UW Equity,RARE
755,RBA UN Equity,RBA
756,RBC UN Equity,RBC
757,RBLX UN Equity,RBLX
758,RBRK UN Equity,RBRK
759,RCL UN Equity,RCL
760,RDDT UN Equity,RDDT
761,REG UW Equity,REG
762,REGN UW Equity,REGN
763,REXR UN Equity,REXR
764,REYN UW Equity,REYN
765,RF UN Equity,RF
766,RGA UN Equity,RGA
767,RGEN UW Equity,RGEN
768,RGLD UW Equity,RGLD
769,RH UN Equity,RH
770,RHI UN Equity,RHI
771,RITM UN Equity,RITM
772,RIVN UW Equity,RIVN
773,RJF UN Equity,RJF
774,RKLB UR Equity,RKLB
775,RKT UN Equity,RKT
776,RL UN Equity,RL
777,RLI UN Equity,RLI
778,RMD UN Equity,RMD
779,RNG UN Equity,RNG
780,RNR UN Equity,RNR
781,ROIV UW Equity,ROIV
782,ROK UN Equity,ROK
783,ROKU UW Equity,ROKU
784,ROL UN Equity,ROL
785,ROP UW Equity,ROP
786,ROST UW Equity,ROST
787,RPM UN Equity,RPM
788,RPRX UW Equity,RPRX
789,RRC UN Equity,RRC
790,RRX UN Equity,RRX
791,RS UN Equity,RS
792,RSG UN Equity,RSG
793,RTX UN Equity,RTX
794,RVMD UW Equity,RVMD
795,RVTY UN Equity,RVTY
796,RYAN UN Equity,RYAN
797,RYN UN Equity,RYN
798,S UN Equity,S
799,SAIA UW Equity,SAIA
800,SAIC UW Equity,SAIC
801,SAIL UW Equity,SAIL
802,SAM UN Equity,SAM
803,SARO UN Equity,SARO
804,SBAC UW Equity,SBAC
805,SBUX UW Equity,SBUX
806,SCCO UN Equity,SCCO
807,SCHW UN Equity,SCHW
808,SCI UN Equity,SCI
809,SEB UA Equity,SEB
810,SEE UN Equity,SEE
811,SEIC UW Equity,SEIC
812,SF UN Equity,SF
813,SFD UW Equity,SFD
814,SFM UW Equity,SFM
815,SGI UN Equity,SGI
816,SHC UW Equity,SHC
817,SHW UN Equity,SHW
818,SIRI UW Equity,SIRI
819,SITE UN Equity,SITE
820,SJM UN Equity,SJM
821,SLB UN Equity,SLB
822,SLGN UN Equity,SLGN
823,SLM UW Equity,SLM
824,SMCI UW Equity,SMCI
825,SMG UN Equity,SMG
826,SMMT UQ Equity,SMMT
827,SN UN Equity,SN
828,SNA UN Equity,SNA
829,SNDK UW Equity,SNDK
830,SNDR UN Equity,SNDR
831,SNOW UN Equity,SNOW
832,SNPS UW Equity,SNPS
833,SNX UN Equity,SNX
834,SO UN Equity,SO
835,SOFI UW Equity,SOFI
836,SOLS UW Equity,SOLS
837,SOLV UN Equity,SOLV
838,SON UN Equity,SON
839,SPG UN Equity,SPG
840,SPGI UN Equity,SPGI
841,SPOT UN Equity,SPOT
842,SRE UN Equity,SRE
843,SRPT UW Equity,SRPT
844,SSB UN Equity,SSB
845,SSD UN Equity,SSD
846,SSNC UW Equity,SSNC
847,ST UN Equity,ST
848,STAG UN Equity,STAG
849,STE UN Equity,STE
850,STLD UW Equity,STLD
851,STT UN Equity,STT
852,STWD UN Equity,STWD
853,STZ UN Equity,STZ
854,SUI UN Equity,SUI
855,SW UN Equity,SW
856,SWK UN Equity,SWK
857,SWKS UW Equity,SWKS
858,SYF UN Equity,SYF
859,SYK UN Equity,SYK
860,SYY UN Equity,SYY
861,T UN Equity,T
862,TAP UN Equity,TAP
863,TDC UN Equity,TDC
864,TDG UN Equity,TDG
865,TDY UN Equity,TDY
866,TEAM UW Equity,TEAM
867,TECH UW Equity,TECH
868,TEM UW Equity,TEM
869,TER UW Equity,TER
870,TFC UN Equity,TFC
871,TFSL UW Equity,TFSL
872,TFX UN Equity,TFX
873,TGT UN Equity,TGT
874,THC UN Equity,THC
875,THG UN Equity,THG
876,THO UN Equity,THO
877,TIGO UW Equity,TIGO
878,TJX UN Equity,TJX
879,TKO UN Equity,TKO
880,TKR UN Equity,TKR
881,TLN UW Equity,TLN
882,TMO UN Equity,TMO
883,TMUS UW Equity,TMUS
884,TNL UN Equity,TNL
885,TOL UN Equity,TOL
886,TOST UN Equity,TOST
887,TPG UW Equity,TPG
888,TPL UN Equity,TPL
889,TPR UN Equity,TPR
890,TREX UN Equity,TREX
891,TRGP UN Equity,TRGP
892,TRMB UW Equity,TRMB
893,TROW UW Equity,TROW
894,TRU UN Equity,TRU
895,TRV UN Equity,TRV
896,TSCO UW Equity,TSCO
897,TSLA UW Equity,TSLA
898,TSN UN Equity,TSN
899,TT UN Equity,TT
900,TTC UN Equity,TTC
901,TTD UQ Equity,TTD
902,TTEK UW Equity,TTEK
903,TTWO UW Equity,TTWO
904,TW UW Equity,TW
905,TWLO UN Equity,TWLO
906,TXN UW Equity,TXN
907,TXRH UW Equity,TXRH
908,TXT UN Equity,TXT
909,TYL UN Equity,TYL
910,U UN Equity,U
911,UA UN Equity,UA
912,UAA UN Equity,UAA
913,UAL UW Equity,UAL
914,UBER UN Equity,UBER
915,UDR UN Equity,UDR
916,UGI UN Equity,UGI
917,UHAL UN Equity,UHAL
918,UHAL/B UN Equity,UHAL/B
919,UHS UN Equity,UHS
920,UI UN Equity,UI
921,ULTA UW Equity,ULTA
922,UNH UN Equity,UNH
923,UNM UN Equity,UNM
924,UNP UN Equity,UNP
925,UPS UN Equity,UPS
926,URI UN Equity,URI
927,USB UN Equity,USB
928,USFD UN Equity,USFD
929,UTHR UW Equity,UTHR
930,UWMC UN Equity,UWMC
931,V UN Equity,V
932,VEEV UN Equity,VEEV
933,VFC UN Equity,VFC
934,VICI UN Equity,VICI
935,VIK UN Equity,VIK
936,VIRT UN Equity,VIRT
937,VKTX UR Equity,VKTX
938,VLO UN Equity,VLO
939,VLTO UN Equity,VLTO
940,VMC UN Equity,VMC
941,VMI UN Equity,VMI
942,VNO UN Equity,VNO
943,VNOM UW Equity,VNOM
944,VNT UN Equity,VNT
945,VOYA UN Equity,VOYA
946,VRSK UW Equity,VRSK
947,VRSN UW Equity,VRSN
948,VRT UN Equity,VRT
949,VRTX UW Equity,VRTX
950,VSNT UW Equity,VSNT
951,VST UN Equity,VST
952,VTR UN Equity,VTR
953,VTRS UW Equity,VTRS
954,VVV UN Equity,VVV
955,VZ UN Equity,VZ
956,W UN Equity,W
957,WAB UN Equity,WAB
958,WAL UN Equity,WAL
959,WAT UN Equity,WAT
960,WBD UW Equity,WBD
961,WBS UN Equity,WBS
962,WCC UN Equity,WCC
963,WDAY UW Equity,WDAY
964,WDC UW Equity,WDC
965,WEC UN Equity,WEC
966,WELL UN Equity,WELL
967,WEN UW Equity,WEN
968,WEX UN Equity,WEX
969,WFC UN Equity,WFC
970,WFRD UW Equity,WFRD
971,WH UN Equity,WH
972,WHR UN Equity,WHR
973,WING UW Equity,WING
974,WLK UN Equity,WLK
975,WM UN Equity,WM
976,WMB UN Equity,WMB
977,WMS UN Equity,WMS
978,WMT UW Equity,WMT
979,WPC UN Equity,WPC
980,WRB UN Equity,WRB
981,WSC UR Equity,WSC
982,WSM UN Equity,WSM
983,WSO UN Equity,WSO
984,WST UN Equity,WST
985,WTFC UW Equity,WTFC
986,WTM UN Equity,WTM
987,WTRG UN Equity,WTRG
988,WTW UW Equity,WTW
989,WU UN Equity,WU
990,WWD UW Equity,WWD
991,WY UN Equity,WY
992,WYNN UW Equity,WYNN
993,XEL UW Equity,XEL
994,XOM UN Equity,XOM
995,XP UW Equity,XP
996,XPO UN Equity,XPO
997,XRAY UW Equity,XRAY
998,XYL UN Equity,XYL
999,XYZ UN Equity,XYZ
1000,YETI UN Equity,YETI
1001,YUM UN Equity,YUM
1002,Z UW Equity,Z
1003,ZBH UN Equity,ZBH
1004,ZBRA UW Equity,ZBRA
1005,ZG UW Equity,ZG
1006,ZION UW Equity,ZION
1007,ZM UW Equity,ZM
1008,ZS UW Equity,ZS
1009,ZTS UN Equity,ZTS
